{
  "30499.419181": 183.49,
  "30500.419188": 30.709,
  "30500.419189": 155.809,
  "30500.419190": 57.439,
  "30500.419191": 89.62,
  "30500.419192": 150.559,
  "30500.419193": 11.159,
  "30500.419194": 66.01,
  "30500.419195": 78.16,
  "30500.419196": 122.75,
  "30500.419182": 16.61,
  "30500.419183": 26.329,
  "30500.419184": 72.709,
  "30500.419185": 116.8,
  "30500.419186": 188.96,
  "30500.419187": 54.58,
  "30501.419204": 35.93,
  "30501.419205": 77.879,
  "30501.419206": 30.579,
  "30501.419207": 208.58,
  "30501.419209": 14.81,
  "30501.419210": 154.009,
  "30501.419211": 22.54,
  "30501.419212": 265.459,
  "30501.419213": 130.61,
  "30501.419197": 89.93,
  "30501.419198": 120.19,
  "30501.419200": 88.97,
  "30501.419201": 81.279,
  "30501.419202": 96.769,
  "30501.419203": 37.979,
  "30502.419214": 29.0,
  "30502.419257": 120.319,
  "30502.419216": 146.669,
  "30502.419217": 138.268,
  "30502.419218": 64.01,
  "30502.419219": 99.889,
  "30502.419258": 216.21,
  "30502.419221": 26.59,
  "30502.419222": 24.989,
  "30503.419224": 31.1,
  "30503.419225": 191.83,
  "30503.419226": 180.47,
  "30503.419227": 100.23,
  "30503.419228": 187.91,
  "30503.419229": 84.01,
  "30503.419230": 120.98,
  "30503.419231": 148.44,
  "30503.419232": 55.72,
  "30503.419223": 34.919,
  "30504.419233": 33.93,
  "30504.419234": 127.389,
  "30504.419235": 107.839,
  "30504.419236": 122.79,
  "30504.419237": 92.43,
  "30504.419238": 85.66,
  "30504.419239": 71.199,
  "30504.419240": 30.049,
  "30505.419241": 30.739,
  "30505.419242": 37.24,
  "30505.419243": 157.779,
  "30505.419259": 85.97,
  "30505.419245": 25.69
}